{"cameraMode":{"drawMode":0,"name":"Shaded","section":"Shading Mode"},"sceneLighting":false,"audioPlay":false,"sceneViewState":{"showFog":true,"showMaterialUpdate":false,"showSkybox":false,"showFlares":true,"showImageEffects":true,"showParticleSystems":true},"in2DMode":false,"pivot":{"x":0.00013412907719612122,"y":0.017776604741811754,"z":-0.019280627369880678},"rotation":{"x":-0.001828651875257492,"y":0.9776144623756409,"z":-0.21022143959999085,"w":-0.008504313416779042},"size":0.31499025225639346,"orthographic":false}