{"cameraMode":{"drawMode":0,"name":"Shaded","section":"Shading Mode"},"sceneLighting":false,"audioPlay":false,"sceneViewState":{"showFog":true,"showMaterialUpdate":false,"showSkybox":false,"showFlares":true,"showImageEffects":true,"showParticleSystems":true},"in2DMode":false,"pivot":{"x":0.006864011287689209,"y":-0.004799528047442436,"z":-0.7413012981414795},"rotation":{"x":-0.0202430821955204,"y":-0.9617329239845276,"z":0.26306310296058657,"w":-0.0739920362830162},"size":0.8758044838905335,"orthographic":false}