{"cameraMode":{"drawMode":0,"name":"Shaded","section":"Shading Mode"},"sceneLighting":false,"audioPlay":false,"sceneViewState":{"showFog":true,"showMaterialUpdate":false,"showSkybox":false,"showFlares":true,"showImageEffects":true,"showParticleSystems":true},"in2DMode":false,"pivot":{"x":0.000609859824180603,"y":0.05248655006289482,"z":0.000054195523262023926},"rotation":{"x":-0.001828651875257492,"y":0.9776144623756409,"z":-0.21022143959999085,"w":-0.008504313416779042},"size":0.38818466663360598,"orthographic":false}